Argument,category,FSQType1,FSQType2,Span_FSQType1,Span_FSQType2,Minor_SpanFSQType1,Minor_SpanFSQType2,Predicted_Type1,Predicted_Type2,Span_PredictedType1,Span_PredictedType2,Jaccard_Best_GT_or_Minor,BERT_Best_GT_or_Minor
It would be cringe because trump's policies (and other things) are extremely at odds with theirs. But fair enough. If you don't think it would be cringe for trump I can understand why it wouldn't be cringe for biden either.,alternate_viewpoints_perspectives,Other Stakeholder Perspective,Temporal Contrast,trump's policies (and other things) are extremely at odds with theirs,trump's policies,trump's policies (and other things) are extremely at odds with theirs,trump's policies,Other Stakeholder Perspective,Vague or Ambiguous Terms,trump's policies (and other things) are extremely at odds with theirs,cringe,0.9166666666666670,0.993313193321228
"Just to let you know, the power of the judiciary is not being weakened at all. They literally just stopped one of his EOs and the temp block was upheld. I think you are overestimating the power Trump is wielding over the judiciary due to some zealous reporting that has been going on.",alternate_viewpoints_perspectives,Other Stakeholder Perspective,Temporal Contrast,overestimating the power Trump is wielding over the judiciary,power of the judiciary,overestimating the power Trump is wielding over the judiciary,the power of the judiciary,Other Stakeholder Perspective,Vague or Ambiguous Terms,I think you are overestimating the power Trump is wielding over the judiciary,zealous reporting,0.5714285714285710,0.9160200953483580
"I'm pro choice. I don't support abortion, but I support a woman's right to do as she pleases with her body. It's not my place to decide. With this said, a common argument I see against pro lifers is that it is sexist to outlaw abortions, because it's wanting control of a woman's body.",alternate_viewpoints_perspectives,Other Stakeholder Perspective,,support a woman's right to do as she pleases with her body.,,I support a woman's right to do as she pleases with her body,,Other Stakeholder Perspective,Vague or Ambiguous Terms,a common argument I see against pro lifers is that it is sexist to outlaw abortions,it's wanting control of a woman's body,0.1724137931034480,0.852908194065094
"The purpose of an election is to elect. It is not to register feelings, reasons, support, or opposition. Therefore, the only metric needed in elections is a tally that allows winners to be selected. There is already the opportunity to vote for the candidates you choose.",alternate_viewpoints_perspectives,Other Stakeholder Perspective,Temporal Contrast,"It is not to register feelings, reasons, support, or opposition.","Therefore, the only metric needed in elections is a tally that allows winners to be selected.","It is not to register feelings, reasons, support, or opposition.",The purpose of an election is to elect.,Other Stakeholder Perspective,Overgeneralized Statement,The purpose of an election is to elect. It is not to register feelings,reasons,0.2777777777777780,0.87600177526474
"From elementary school all the way to now, I have always done poor academically. I was always wondering if I have an intellectual disorder since I just couldn't grasp concepts as well as the other students.",alternate_viewpoints_perspectives,Other Stakeholder Perspective,,have an intellectual disorder since I just couldn't grasp concepts as well as the other students.,,I have an intellectual disorder since I just couldn't grasp concepts as well as the other students.,I have always done poor academically.,Bias and Subjectivity,Implicit Existence,I have always done poor academically,if I have an intellectual disorder,0.25,0.879875659942627
"I think activists are annoying, no matter what cause they stand for. It's because we demand change and change is uncomfortable. But I see an injustice, and I still speak up about it, even if that makes me annoying.",alternate_viewpoints_perspectives,Other Stakeholder Perspective,Temporal Contrast,activists are annoying,activists are annoying,activists are annoying,activists are annoying,Bias and Subjectivity,Overgeneralized Statement,I think activists are annoying,no matter what cause they stand for,0.25,0.8885549902915960
"You act like my only reason for disliking them movie is because it didn't surprise me, but then you precede question one of my other reasons. Also I don't care what does or doesn't surprise you. We're two different people. The shootouts reminded me almost every other shootout I've seen in film.",alternate_viewpoints_perspectives,Other Stakeholder Perspective,Temporal Contrast,The shootouts reminded me almost every other shootout I've seen in film.,"disliking them movie is because it didn't surprise me,",shootouts reminded me almost every other shootout I've seen in film,disliking them movie,Bias and Subjectivity,Vague or Ambiguous Terms,You act like my only reason for disliking them movie is because it didn't surprise me,The shootouts reminded me almost every other shootout I've seen in film.,0.4444444444444440,0.9250443577766420
"I'm not saying it's not a great measure of upper body strength but it certainly is not a good overall standard. I suppose I could have worded that better, since my implied meaning was overall strength, not just upper body.",alternate_viewpoints_perspectives,Other Stakeholder Perspective,Temporal Contrast,it certainly is not a good overall standard,it certainly is not a good overall standard,it certainly is not a good overall standard.,,Vague or Ambiguous Terms,Implicit Existence,it's not a great measure of upper body strength,my implied meaning was overall strength,0.15789473684210500,0.8735561966896060
I was reading somewhere on Relationships about a problem with a potential wedding guest because they were a very 'fussy eater' and how they were thinking to un-invite this person because of it. A lot of people were defending this person saying they too are picky eaters and how horrible it is.,alternate_viewpoints_perspectives,Other Stakeholder Perspective,Temporal Contrast,how horrible it is,they were a very 'fussy eater',how horrible it is,they were a very 'fussy easter',Other Stakeholder Perspective,Vague or Ambiguous Terms,A lot of people were defending this person saying,fussy eater',0.0,0.8431263566017150
"Do you genuinely believe the movement against FGM is being held back in any serious capacity because men compare the practice to circumcision? Yes. Anyone who practices religious circumcision will be staunchly against a ban on it. By contrast, those same people could be convinced to be against FGM.",alternate_viewpoints_perspectives,Other Stakeholder Perspective,Temporal Contrast,Anyone who practices religious circumcision will be staunchly against a ban on it.,Anyone who practices religious circumcision will be staunchly against a ban on it.,Yes. Anyone who practices religious circumcision will be staunchly against a ban on it.,movement against FGM is being held back in any serious capacity because men compare the practice to circumcision?,Other Stakeholder Perspective,Implicit Existence,Anyone who practices religious circumcision will be staunchly against a ban on it.,those same people could be convinced to be against FGM.,0.65,0.9538272619247440
"That's exactly what I'm saying. Not all people who want to drink alone are alcoholics, but all alcoholics will need to drink alone. This is unfortunate for those of us who can responsibly get drunk alone, but because alcoholism is such a serious problem, I think it's worth the tradeoff.",alternate_viewpoints_perspectives,Other Stakeholder Perspective,,but all alcoholics will need to drink alone,,all alcoholics will need to drink alone,alcoholism is a serious problem,Overgeneralized Statement,Bias and Subjectivity,all alcoholics will need to drink alone,I think it's worth the tradeoff,0.5384615384615380,0.93769371509552
"I know what you're thinking - ""this isn't a controversial or unpopular opinion at all!"" I'm posting here because every SINGLE person I've discussed this with irl has vehemently disagreed with me and for reasons I have a hard time understanding.",alternate_viewpoints_perspectives,Other Stakeholder Perspective,Temporal Contrast,"""this isn't a controversial or unpopular opinion at all!""",every SINGLE person I've discussed this with irl has vehemently disagreed with me,every SINGLE person I've discussed this with irl has vehemently disagreed with me and for reasons I have a hard time understanding.,,Bias and Subjectivity,Vague or Ambiguous Terms,every SINGLE person I've discussed this with irl has vehemently disagreed with me,for reasons I have a hard time understanding,0.8636363636363640,0.9848118424415590
"I believe America is the best country in the world because no country in the world is perfect, however America provides the avenues and rights for one to make his or her voice heard and incite change regardless of society's consensus. Another point is that this is really the land of opportunity.",alternate_viewpoints_perspectives,Other Stakeholder Perspective,Temporal Contrast,America is the best country,America is the best country,America is the best country in the world,America is the best country in the world,Vague or Ambiguous Terms,Overgeneralized Statement,provides the avenues and rights for one to make his or her voice heard and incite change,this is really the land of opportunity,0.08,0.8454768657684330
I believe that ACAB just like I believe that all Nazi guards are bastards. Good cops don't exist because you can't fulfill your orders as a cop and not be a bastard. (e.g. Arresting for possession should not be thing).,alternate_viewpoints_perspectives,Other Stakeholder Perspective,,all Nazi guards are bastards.,,all Nazi guards are bastards,Arresting for possession,Overgeneralized Statement,Vague or Ambiguous Terms,Good cops don't exist,Arresting for possession should not be thing,0.0,0.8602688312530520
"Because the people who refer to ""racial sexual realism"" and ""White Nationalism"" very rarely have scientifically sound beliefs. Even when there are concrete, objective differences, acting upon those differences blows them way out of proportion.",alternate_viewpoints_perspectives,Other Stakeholder Perspective,,"people who refer to ""racial sexual realism"" and ""White Nationalism"" very rarely have scientifically sound beliefs.",,"the people who refer to ""racial sexual realism"" and ""White Nationalism"" very rarely have scientifically sound beliefs",acting upon those differences blows them way out of proportion.,Vague or Ambiguous Terms,Overgeneralized Statement,racial sexual realism,very rarely have scientifically sound beliefs,0.3684210526315790,0.9238258600234990
"Because it's a term used too vaguely, it creates a spiral of more violence and wait a minute? Don't you believe in due process? Are you advocating vigilantism? It's not illegal to be a Nazi. You should still punch them for being bad people.",alternate_viewpoints_perspectives,Other Stakeholder Perspective,Temporal Contrast,You should still punch them for being bad people.,It's not illegal to be a Nazi.,You should still punch them for being bad people,illegal to be a Nazi,Vague or Ambiguous Terms,Other Stakeholder Perspective,Because it's a term used too vaguely,Don't you believe in due process? Are you advocating vigilantism?,0.041666666666666700,0.8376157283782960
The problem with this type of thinking is that it means that nobody is responsible for anything. Everyone is always acting in accordance with the electrochemical machinery of their brain. Anyone doing ANYTHING evil would just be doing it because of how their brain is wired.,alternate_viewpoints_perspectives,Other Stakeholder Perspective,Temporal Contrast,nobody is responsible for anything,nobody is responsible for anything,nobody is responsible for anything,nobody is responsible for anything,Overgeneralized Statement,Implicit Existence,nobody is responsible for anything,doing ANYTHING evil would just be doing it because of how their brain is wired,0.29411764705882400,0.8755891919136050
"Because you have to earn it. If white female privilege is far greater than white male privilege, why do White women earn 81.1% as much as their male counterparts? The gender pay gap is a myth.",alternate_viewpoints_perspectives,Other Stakeholder Perspective,Temporal Contrast,The gender pay gap is a myth.,women earn 81.1%,The gender pay gap is a myth.,Because you have to earn it.,Other Stakeholder Perspective,Overgeneralized Statement,If white female privilege is far greater than white male privilege,The gender pay gap is a myth.,0.4666666666666670,0.9294579029083250
I mean that saying that Starbucks is a racist organization based on the Philly encounter is incorrect. Starbucks does not tell people to throw out customers due to their race.,alternate_viewpoints_perspectives,Other Stakeholder Perspective,,Starbucks does not tell people to throw out customers due to their race.,,Starbucks does not tell people to throw out customers due to their race,,Other Stakeholder Perspective,Overgeneralized Statement,Starbucks is a racist organization,Starbucks does not tell people to throw out customers due to their race,0.75,0.9433364272117620
"This isn't some policy where every baby with a severe mental issue MUST be euthanized. This is giving the option to parents to euthanize their baby. You can't extend this to euthanizing adults, because there's no comparable circumstance where an individual has ""control"" over an adult.",alternate_viewpoints_perspectives,Other Stakeholder Perspective,Temporal Contrast,"individual has ""control"" over an adult.",This isn't some policy where every baby with a severe mental issue MUST be euthanized.,"individual has ""control"" over an adult",policy where every baby with severe mental issue MUST be euthanized,Implicit Existence,Other Stakeholder Perspective,You can't extend this to euthanizing adults,"an individual has \""control\"" over an adult",0.35714285714285700,0.89122074842453
"Because it more expensive to make it here than it is in Canada. We can't make all the stuff ourselves, so we buy it from Canada. Well, now that got more expensive. But now Can. metal is still cheaper than for what we can make it domestically.",alternate_viewpoints_perspectives,Other Stakeholder Perspective,Temporal Contrast,more expensive to make it here than it is in Canada,more expensive to make it here than it is in Canada,Because it more expensive to make it here than it is in Canada.,We can't make all the stuff ourselves/ metal is still cheaper than for what we can make it domestically.,Temporal Contrast,Overgeneralized Statement,Because it more expensive to make it here than it is in Canada,Can. metal is still cheaper than for what we can make it domestically,0.5,0.9286679625511170
"No, you're not supporting anyone else who worked on the movie. That's the point. It discourages other people in the industry from working with that person. If everyone knows that a movie or show isn't going to make money because of a specific actor or director they won't work on it.",alternate_viewpoints_perspectives,Other Stakeholder Perspective,,If everyone knows that a movie or show isn't going to make money because of a specific actor or director they won't work on it.,,If everyone knows that a movie or show isn't going to make money because of a specific actor or director they won't work on it.,,Other Stakeholder Perspective,Implicit Existence,No,you're not supporting anyone else who worked on the movie,0.0625,0.8689690828323360
"there are rules against dirty tactics, but they are often missed due to the fast paced nature of the game. in a perfect world, yeah it would be great if it just took rules, but it doesn't. In football, basketball, baseball, etc...",alternate_viewpoints_perspectives,Other Stakeholder Perspective,Temporal Contrast,missed due to the fast paced nature of the game,"ould be great if it just took rules, but it doesn't.",they are often missed due to the fast paced nature of the game,it would be great if it just took rules,Vague or Ambiguous Terms,Implicit Existence,there are rules against dirty tactics,in a perfect world,0.047619047619047600,0.8699786067008970
"I think it's incredibly short sighted of people to not be frightened. We are all going to die. Some sooner, some later - But ultimately the difference is negligible. It's going to happen. I believe we purposefully block the thought of death from our minds because to not would be debilitating.",alternate_viewpoints_perspectives,Other Stakeholder Perspective,,I think it's incredibly short sighted of people to not be frightened.,,But ultimately the difference is negligible./ we purposefully block the thought of death from our minds because to not would be debilitating.,,Overgeneralized Statement,Bias and Subjectivity,We are all going to die,I believe we purposefully block the thought of death from our minds,0.4074074074074070,0.9024924635887150
Eh if we are going to extend it to animals why not all living things. Because central nervous system and we can empathize with the horrifying sounds animals make in distressed situations. Plants do not cry or scream.,alternate_viewpoints_perspectives,Other Stakeholder Perspective,,Because central nervous system and we can empathize with the horrifying sounds animals make in distressed situations. Plants do not cry or scream.,,Because central nervous system and we can empathize with the horrifying sounds animals make in distressed situations.,f we are going to extend it to animals why not all living things.,Other Stakeholder Perspective,Vague or Ambiguous Terms,Eh if we are going to extend it to animals why not all living things.,Plants do not cry or scream.,0.23529411764705900,0.8778039813041690
Animals are living beings able to feel suffering just like humans. Because of this humans and animals are equal and should be treated the same.,alternate_viewpoints_perspectives,Other Stakeholder Perspective,,Because of this humans and animals are equal and should be treated the same.,,humans and animals are equal and should be treated the same,,Overgeneralized Statement,Implicit Existence,Animals are living beings able to feel suffering just like humans,Because of this humans and animals are equal,0.38095238095238100,0.9028490781784060
"I feel bestiality is worse than killing animals for the same reason I believe death penalty is a lesser punishment than a life without parole. Death, as long as it is quick and relatively painless is better than a torturous life because the amount of time.",alternate_viewpoints_perspectives,Other Stakeholder Perspective,Temporal Contrast,bestiality is worse than killing animal,bestiality is worse than killing animal,bestiality is worse than killing animals,bestiality is worse than killing animals,Bias and Subjectivity,Implicit Existence,I feel bestiality is worse than killing animals,Death,0.6666666666666670,0.9237081408500670
"Therefore it makes no sense for you to be against hurting animals. You've already accepted that we can kill them, why not torture them as well? This is a huge leap in logic.",alternate_viewpoints_perspectives,Other Stakeholder Perspective,,why not torture them as well? This is a huge leap in logic.,,why not torture them as well?,,Other Stakeholder Perspective,Overgeneralized Statement,Therefore it makes no sense for you to be against hurting animals. You've already accepted that we can kill them,why not torture them as well?,0.24,0.8852015137672420
"There isn't a political party that represents them because they don't march down main st, not the other way around. All the other groups OP is complaining about do.",clarity,Vague or Ambiguous Terms,Overgeneralized Statement,All the other groups OP is complaining about do.,political party that represents them because they don't march down main,All the other groups OP is complaining about do.,"There isn't a political party that represents them because they don't march down main st, not the other way around.",Other Stakeholder Perspective,Vague or Ambiguous Terms,There isn't a political party that represents them,All the other groups OP is complaining about do.,0.5294117647058820,0.920060396194458
"The issue is that the pregnancy is, due to biological constraints, forced upon the woman. This gives her the sole right to an abortion. Consider what happens if there's a surrogacy.",clarity,Vague or Ambiguous Terms,Overgeneralized Statement,"biological constraints,","The issue is that the pregnancy is, due to biological constraints, forced upon the woman",biological constraints,"pregnancy is, due to biological constraints, forced upon the woman.",Other Stakeholder Perspective,Vague or Ambiguous Terms,forced upon the woman,Consider what happens if there's a surrogacy.,0.0,0.8556810617446900
"I'm live in America if that makes any difference to what the response might be. The reason I believe what I said above is: Because of your basic rights as an American, you are able to vote in elections and help make a difference for who you want to represent you.",clarity,,Overgeneralized Statement,,help make a difference for who you want to represent you.,,,Implicit Existence,,Because of your basic rights as an American,you are able to vote in elections and help make a difference for who you want to represent you.,0.0,0.0
"Certainly breathing alone can‚Äôt be bioterrorism, but I would happily argue throwing a big party during a pandemic is. The ‚Äúbecause we have rights‚Äù argument doesn‚Äôt make sense to me.",clarity,Vague or Ambiguous Terms,Overgeneralized Statement,bioterrorism,but I would happily argue throwing a big party during a pandemic is,throwing a big party during a pandemic is.,,Other Stakeholder Perspective,Vague or Ambiguous Terms,The ‚Äúbecause we have rights‚Äù argument doesn‚Äôt make sense,throwing a big party during a pandemic,0.375,0.8933727145195010
Third wave feminism is just too open and all-inclusive a movement and therefore so different from Second wave feminism that it's basically egalitarianism by another name. So just switch to egalitarianism and be honest about what you support.,clarity,Vague or Ambiguous Terms,Overgeneralized Statement,Third wave feminism,Third wave feminism is just too open and all-inclusive a movement and therefore so different from,Third wave feminism / egalitarianism,hird wave feminism is just too open and all-inclusive a movement and therefore so different from Second wave feminism that it's basically egalitarianism by another name.,Vague or Ambiguous Terms,Overgeneralized Statement,Third wave feminism is just too open and all-inclusive a movement,it's basically egalitarianism by another name,0.2222222222222220,0.88804030418396
There are different theories of what oppression is and what causes it. 2nd wave feminist often argue that because we live in a patriarchy you can't separate a woman's sexuality from the oppressive male centric culture.,clarity,Vague or Ambiguous Terms,,2nd wave feminist,,2nd wave feminist,,Vague or Ambiguous Terms,Overgeneralized Statement,a patriarchy,you can't separate a woman's sexuality from the oppressive male centric culture,0.0,0.8079171776771550
Science ends up finding answers. Answers that are thoroughly tested and proven. And thus answers we can trust are probably correct. Eg. science has found out Earth is a globe.,clarity,Vague or Ambiguous Terms,Overgeneralized Statement,we can trust are probably correct.,Science ends up finding answers.,answers we trust are probably correct,Science ends up finding answers.,Overgeneralized Statement,Lacks Evidence,Science ends up finding answers,Eg. science has found out Earth is a globe.,0.05555555555555560,0.8425500392913820
"Interesting chart. I have a problem with the ""I'm not sure"" - ""Theism only applies to those who have an active belief"" Sometimes I do things because I believe in the existence of God and some days I don't. E.g. I pray sometimes when under great stress.",clarity,,,,,,,Vague or Ambiguous Terms,Bias and Subjectivity,I'm not sure,Sometimes I do things because I believe in the existence of God and some days I don't.,0.0,0.0
I‚Äôm the single mother and have a 12yr old son. I think about this everyday raising him. I acknowledge that my view may be ..skewed due to personal experiences.,clarity,,Overgeneralized Statement,,my view may be ..skewed due to personal experiences.,,,Bias and Subjectivity,,I acknowledge that my view may be ..skewed due to personal experiences.,,0.0,0.0
"There are anti-vax people, including but not always limited to the COVID vaccines Which have been marginalized because vaccines work and don't cause autism like they claim. The people in the second group have an argument independent of medicine or science.",clarity,Vague or Ambiguous Terms,Overgeneralized Statement,The people in the second group,The people in the second group have an argument independent of medicine or science.,The people in the second group,,Other Stakeholder Perspective,Vague or Ambiguous Terms,There are anti-vax people,independent of medicine or science.,0.07692307692307690,0.8602365851402280
"She says ""I'm just sick of how men sexually assault people"". This statement is not identical to ""I'm just sick of how all men sexually assault people"" is it? Just because the statements aren't identical doesn't mean they don't convey the same message.",clarity,,Overgeneralized Statement,,"""I'm just sick of how men sexually assault people"".",,I'm just sick of how men sexually assault people,Overgeneralized Statement,Vague or Ambiguous Terms,I'm just sick of how men sexually assault people,Just because the statements aren't identical doesn't mean they don't convey the same message.,0.0,0.0
I made a post on r/AITA and it got removed because I used the word tranny. I was called a homophobe because I told people about how I was trapped and deceived by a transsexual. Everyone seemed to hold the same opinion that it is a slur.,clarity,Vague or Ambiguous Terms,Overgeneralized Statement,r/AITA,Everyone seemed to hold the same opinion that it is a slur.,r/AITA / tranny,Everyone seemed to hold the same opinion that it is a slur.,Other Stakeholder Perspective,Vague or Ambiguous Terms,Everyone seemed to hold the same opinion,trapped and deceived by a transsexual,0.0,0.8275696635246280
"I‚Äôd like to mainly highlight black culture in America. I am not racist, because I don‚Äôt care about their skin color. Although, black American culture is a harmful culture.",clarity,,Overgeneralized Statement,,black American culture is a harmful culture.,,black American culture is a harmful culture,Bias and Subjectivity,Overgeneralized Statement,I am not racist,because I don‚Äôt care about their skin color,0.0,0.0
Because it's one shared nation with values and culture. That is the only basis of a nation that exists. Only the shared culture and values.,clarity,Vague or Ambiguous Terms,,Because it's one shared nation with values and culture.,,it's one shared nation with values and culture,That is the only basis of a nation that exists.,Overgeneralized Statement,Implicit Existence,That is the only basis of a nation that exists,Only the shared culture and values.,0.23529411764705900,0.8988971710205080
Because it's one shared nation with values and culture. That is the only basis of a nation that exists. Only the shared culture and values.,clarity,Vague or Ambiguous Terms,Overgeneralized Statement,it's,That is the only basis of a nation that exists.,,That is the only basis of a nation that exists. Only the shared culture and values.,Overgeneralized Statement,Implicit Existence,That is the only basis of a nation that exists,Only the shared culture and values.,0.0,0.8193680047988890
Because it's one shared nation with values and culture. That is the only basis of a nation that exists. Only the shared culture and values.,clarity,,Overgeneralized Statement,,That is the only basis of a nation that exists.,,That is the only basis of a nation that exists. Only the shared culture and values.,Overgeneralized Statement,Implicit Existence,That is the only basis of a nation that exists.,Only the shared culture and values.,0.0,0.0
Because I have to look at someones skin color to decide whether the use of the n-word is acceptable or not. Even if it was said with the exact same intention. You can't know someone's intention without taking context into account.,clarity,,Overgeneralized Statement,,You can't know someone's intention without taking context into account.,,You can't know someone's intention without taking context into account.,Implicit Existence,Vague or Ambiguous Terms,Because I have to look at someones skin color to decide,You can't know someone's intention without taking context into account.,0.0,0.0
Gender roles aren't something we just randomly came up with because we liked it. Men and women do behave differently.,clarity,,Overgeneralized Statement,,Men and women do behave differently.,,Men and women do behave differently,Overgeneralized Statement,Implicit Existence,Men and women do behave differently,Gender roles aren't something we just randomly came up with,0.0,0.0
"üò≥ uh, no race has a specific smell. You probably just smelled people who ate similar things and assumed it was because they were black. And there's a word for making assumptions about people based on skin color...",clarity,,Overgeneralized Statement,,You probably just smelled people who ate similar things and assumed it was because they were black,,no race has a specific smell,Overgeneralized Statement,Vague or Ambiguous Terms,no race has a specific smell,assumptions about people based on skin color,0.0,0.0
"I think it is because women are different then men. Women, usually, are weaker then men, which is why they have different sport teams. Women usually behave differently then men, and they will probably take a different job since their brains work differently.",clarity,Vague or Ambiguous Terms,Overgeneralized Statement,"Women, usually, are weaker then men,","Women, usually, are weaker then men,",their brains work differently,"Women, usually, are weaker then mean",Overgeneralized Statement,Vague or Ambiguous Terms,Women,usually,0.0,0.8694583177566530
Everyone seems to be obsessed with games being more open world but I think it lowers the quality significantly. Linear games have more attention to details because there is less space to be in.,clarity,Vague or Ambiguous Terms,Overgeneralized Statement,Linear games,Linear games have more attention to details because there is less space to be in.,Linear games,Everyone seems to be obsessed with games being more open world,Other Stakeholder Perspective,Overgeneralized Statement,Everyone seems to be obsessed with games being more open world,Linear games have more attention to details because there is less space to be in.,0.09523809523809520,0.8419063687324520
"Buying a new car is a better financial decision because 1. A car with the latest safety and mileage features saves future costs, 2.",clarity,,Overgeneralized Statement,,Buying a new car is a better financial decision,,Buying a new car is a better financial decision,Vague or Ambiguous Terms,,A car with the latest safety and mileage features saves future costs,,0.0,0.0
"The status quo is that there hasn‚Äôt been socialized medicine and human civilization has advanced thus far. Yet, there is no monopoly on healthcare. However, a monopoly on force is required to have peace.",clarity,Vague or Ambiguous Terms,Overgeneralized Statement,socialized medicine,monopoly on force is required to have peace.,socialized medicine,monopoly on force is required to have peace,Implicit Existence,Questionable Cause-Effect Relationship,there hasn‚Äôt been socialized medicine and human civilization has advanced thus far,a monopoly on force is required to have peace,0.09523809523809520,0.8429445624351500
"I say 'most altcoins' and not cryptocurrency because I see some value in the idea of cryptocurrency or at least understand the attractiveness of it. I am talking about alt coins like the squid game coin, shiba inu, dogecoin etc. that people only buy to make money or as an investment.",clarity,,Overgeneralized Statement,,people only buy to make money or as an investment.,,people only buy to make money,Vague or Ambiguous Terms,Overgeneralized Statement,I say 'most altcoins',alt coins like the squid game coin,0.0,0.0
"I know this is a touchy subject, but I need to share my take on the matter. I know the moral imperative behind wanting to keep ones trans status hidden from partners due to privacy, but the safety risks of not disclosing make it necessary to share this info.",clarity,Vague or Ambiguous Terms,Overgeneralized Statement,safety risks of not disclosing make it necessary to share this info.,make it necessary to share this info.,safety risks of not disclosing,make it necessary to share this info,Other Stakeholder Perspective,Vague or Ambiguous Terms,wanting to keep ones trans status hidden from partners due to privacy,the safety risks of not disclosing,0.29411764705882400,0.8969103097915650
"This is one of dumbest things I have heard in a long time. Seriously!?!? Slavery was legal AND wrong, marrying the person you raped to make it OK by the government/cult is still fucking wrong, and killing anyone for any reason is murder. Just because it is considered ""justice"" it is still murder.",clarity,Vague or Ambiguous Terms,Overgeneralized Statement,justice,"Slavery was legal AND wrong, marrying the person you raped to make it OK by the government/cult is still fucking wrong, and killing anyone for any reason is murder. Just because it is considered ""justice"" it is still murder.","it is considered ""justice""","Slavery was legal AND wrong, marrying the person you raped to make it OK by the government/cult is still fucking wrong, and killing anyone for any reason is murder.",Bias and Subjectivity,Overgeneralized Statement,This is one of dumbest things I have heard in a long time. Seriously!?!?,killing anyone for any reason is murder,0.043478260869565200,0.8411760926246640
"Islamophobia is the irrational dislike, fear of, or hatred of all Muslims. Criticizing some Muslims is not Islamophobia because demonstrably awful Muslims exist, and so criticizing those people is rational.",clarity,,Overgeneralized Statement,,demonstrably awful Muslims exist,,"Criticizing some Muslims is not Islamophobia because demonstrably awful Muslims exist, and so criticizing those people is rational.",Overgeneralized Statement,Vague or Ambiguous Terms,irrational dislike,fear of,0.0,0.0
"Okay, so your conclusion is that the same rules dont apply to human + dog interactions is because dogs have no concept of human interaction when it comes to consent. So they cannot consent. I base my idea of abuse of dogs and neglect of dogs by a human concept of neglect and abuse.",clarity,Vague or Ambiguous Terms,Overgeneralized Statement,rules,dogs have no concept of human interaction when it comes to consen,,they cannot consent,Other Stakeholder Perspective,Implicit Existence,dogs have no concept of human interaction when it comes to consent,I base my idea of abuse of dogs and neglect of dogs by a human concept of neglect and abuse.,0.0,0.8073740601539610
"Because he has consistently been topping the polls. As far as how he fares against Hillary, those numbers have been fluctuating quite a bit. One week it's Trump, another it's Hillary.",assumptions,,Bias and Subjectivity,,he has consistently been topping the polls,,"As far as how he fares against Hillary, those numbers have been fluctuating quite a bit.",Temporal Contrast,Vague or Ambiguous Terms,One week it's Trump,another it's Hillary,0.0,0.0
"I know it's about 10 years too late but I've always had a problem with people saying Obama is the first black president because it's just factually untrue. Since he's 50/50 (half black, half white) that means he's the first interracial president but he's certainly not black.",assumptions,,,,,,"I've always had a problem with people saying Obama is the first black president because it's just factually untrue. Since he's 50/50 (half black, half white) that means he's the first interracial president but he's certainly not black.",Overgeneralized Statement,Vague or Ambiguous Terms,Since he's 50/50 (half black,half white) that means he's the first interracial president but he's certainly not black,0.0,0.0
There are literally no other circumstances where we force women to give up their bodily autonomy and medical health so someone else can live. I don't like this argument because there COULD be circumstances where we would.,assumptions,Implicit Existence,Bias and Subjectivity,no other circumstances where we force women to give up their bodily autonomy and medical health,no other circumstances where we force women to give up their bodily autonomy and medical health,no other circumstances where we force women to give up their bodily autonomy,no other circumstances where we force women to give up their bodily autonomy,Overgeneralized Statement,Vague or Ambiguous Terms,There are literally no other circumstances where we force women to give up their bodily autonomy,there COULD be circumstances where we would,0.6842105263157900,0.9269906282424930
Because you don't bring pepper spray to a gun fight. If the offender has a gun you will get yourself into serious danger by only being able to defend yourself with a beanbag round.,assumptions,Implicit Existence,Bias and Subjectivity,If the offender has a gun you will get yourself into serious danger,If the offender has a gun you will get yourself into serious danger,If the offender has a gun you will get yourself into serious danger,If the offender has a gun you will get yourself into serious danger,Overgeneralized Statement,Vague or Ambiguous Terms,Because you don't bring pepper spray to a gun fight,only being able to defend yourself with a beanbag round,0.14814814814814800,0.8548083305358890
"Are you arguing that an AR-15 is not a more capable weapon than a pistol just because pistols are used more often? That's a bizarre position to take, and one simply not supported by any reasonable argument I can think of.",assumptions,,Bias and Subjectivity,,"That's a bizarre position to take,",,That's a bizarre position to take,Other Stakeholder Perspective,Lacks Evidence,Are you arguing that an AR-15 is not a more capable weapon than a pistol just because pistols are used more often?,one simply not supported by any reasonable argument I can think of.,0.0,0.0
"This is a matter of pure statistics. Uneducated/unintelligent people breed more than educated/intelligent ones. Therefore, whenever I learn that someone has a child, I assume they are less intelligent than I had prior to learning that fact.",assumptions,Implicit Existence,Bias and Subjectivity,Uneducated/unintelligent people breed more than educated/intelligent ones.,e they are less intelligent than I had prior to learning that fact.,This is a matter of pure statistics. Uneducated/unintelligent people breed more than educated/intelligent ones.,they are less intelligent than I had prior to learning that fact,Overgeneralized Statement,Bias and Subjectivity,Uneducated/unintelligent people breed more than educated/intelligent ones,I assume they are less intelligent than I had prior to learning that fact,0.3,0.946868360042572
"There is no perceivable difference, since whether you remain unconscious for all eternity or are reborn into a new person, you wouldn't remember your previous life either way. But I'm not talking about what value there is in such a model, only whether or not that model is true.",assumptions,Implicit Existence,,"There is no perceivable difference,",,you wouldn't remember your previous life either way,you wouldn't remember your previous life either way,Vague or Ambiguous Terms,Implicit Existence,whether you remain unconscious for all eternity or are reborn into a new person,only whether or not that model is true,0.041666666666666700,0.8397454619407650
"Hmm, not quite. God of the Gaps is where I say ""Unexplained things are the work of God X is an unexplained thing therefore X is the work of God."" That's not what I argued at all, though. Occam's razor is actually a useful tool for the theist. For theism is really quite a simple explanation.",assumptions,,Bias and Subjectivity,,God of the Gaps,,Occam's razor is actually a useful tool for the theist. For theism is really quite a simple explanation.,Vague or Ambiguous Terms,Overgeneralized Statement,God of the Gaps,For theism is really quite a simple explanation.,0.0,0.0
"I get it. Stereotyping is bad. But what the fuck is with every little thing being labelled cultural appropriation? A white friend of mine has dreadlocks, and the one and only reason he has dreadlocks is because he likes the style.",assumptions,Implicit Existence,Bias and Subjectivity,what the fuck is with every little thing being labelled cultural appropriation,every little thing being labelled cultural appropriation?,But what the fuck is with every little thing being labelled cultural appropriation?,every little thing being labelled cultural appropriation,Bias and Subjectivity,Overgeneralized Statement,But what the fuck is with every little thing being labelled cultural appropriation?,A white friend of mine has dreadlocks,0.65,0.9631956219673160
"There‚Äôs no ‚Äúlong terms‚Äù studies on the COVID vaccine because it hasn‚Äôt been out for the ‚Äúlong term.‚Äù Bruh. Long term in this context could mean 5, 10, or 15+ years. All vaccines can have side affects. Sure it‚Äôs doing great work now but we don‚Äôt know how it effects the body over time.",assumptions,,Bias and Subjectivity,,All vaccines can have side affects.,,All vaccines can have side affects,Temporal Contrast,Vague or Ambiguous Terms,hasn‚Äôt been out for the ‚Äúlong term.‚Äù,Long term in this context could mean 5,0.0,0.0
"If the average weight of a US male is 195, the average weight of male police officers is likely also 195. So lets ignore that many, probably most, officers regularly go to the gym and are therefore stronger than the average sedentary adult.",assumptions,Implicit Existence,,"If the average weight of a US male is 195, the average weight of male police officers is likely also 195.",,"If the average weight of a US male is 195, the average weight of male police officers is likely also 195","probably most, officers regularly go to the gym",Overgeneralized Statement,Questionable Cause-Effect Relationship,If the average weight of a US male is 195,the average weight of male police officers is likely also 195,0.9333333333333330,0.9947033524513250
"So I know this is a really, really sensitive subject, I‚Äôm not trying to stir up conflict, I‚Äôm just having what I believe challenged. Here is why I believe this When I was still in the womb, the doctors recommended that I be aborted because I seemed to be developing abnormally.",assumptions,,,,,,,Bias and Subjectivity,Lacks Evidence,Here is why I believe this,the doctors recommended that I be aborted because I seemed to be developing abnormally,0.0,0.0
"White people, at their best, have no ill will towards black folks but their refusal to acknowledge or ignorance of systematic racism is not helping black people. Other minorities seem to want to be as white as possible which is sad for them because white is NOT the standard.",assumptions,Implicit Existence,Bias and Subjectivity,"White people, at their best, have no ill will towards black folks","White people, at their best, have no ill will towards black folks","White people, at their best, have no ill will towards black folks","White people, at their best, have no ill will towards black folks",Other Stakeholder Perspective,Bias and Subjectivity,White people,at their best,0.21428571428571400,0.893031895160675
"Yes, there are poor people in every race. Nobody is saying you can't help poor white people here. But if you are black you are more likely to he poor due to discrimination.",assumptions,Implicit Existence,Bias and Subjectivity,there are poor people in every race.,there are poor people in every race.,there are poor people in every race,there are poor people in every race,Overgeneralized Statement,Implicit Existence,if you are black you are more likely to he poor,due to discrimination,0.125,0.857853353023529
"Why do you assume there would be a loss of customers? If large people fly less due to such a rule, it stands to reason that skinny people would fly more.",assumptions,Implicit Existence,,"If large people fly less due to such a rule, it stands to reason that skinny people would fly more.",,"If large people fly less due to such a rule, it stands to reason that skinny people would fly more.",,Other Stakeholder Perspective,Questionable Cause-Effect Relationship,If large people fly less due to such a rule,it stands to reason that skinny people would fly more,0.7894736842105260,0.993876576423645
"White people, at their best, have no ill will towards black folks but their refusal to acknowledge or ignorance of systematic racism is not helping black people. Other minorities seem to want to be as white as possible which is sad for them because white is NOT the standard.",assumptions,Implicit Existence,Bias and Subjectivity,"White people, at their best, have no ill will towards black folks","White people, at their best, have no ill will towards black folks","White people, at their best, have no ill will towards black folks","White people, at their best, have no ill will towards black folks",Other Stakeholder Perspective,Overgeneralized Statement,White people,at their best,0.21428571428571400,0.893031895160675
"I mean you cant help the transphobic framing because what you are saying is transphobic. I appreciate that you are trying to be respectful on some level, but that does not dilute the core point that you do not believe a trans woman is a woman.",assumptions,,Bias and Subjectivity,,believe a trans woman is a woman.,,I mean you cant help the transphobic framing because what you are saying is transphobic. / that does not dilute the core point that you do not believe a trans woman is a woman.,Bias and Subjectivity,Implicit Existence,I mean you cant help the transphobic framing because what you are saying is transphobic,you do not believe a trans woman is a woman,0.0,0.0
Why would you assume my gender? Because it‚Äôs a human instinct. We judge people without thinking about it.,assumptions,,Bias and Subjectivity,,We judge people without thinking about it.,,We judge people without thinking about it.,Implicit Existence,Bias and Subjectivity,it‚Äôs a human instinct,We judge people without thinking about it.,0.0,0.0
"Transracial is not a thing. There is no biological difference between the races of humans, therefore its impossible to feel like another race. There is no ""opinions"" on this matter, this is the scientific consensus.",assumptions,Implicit Existence,Bias and Subjectivity,Transracial is not a thing.,Transracial is not a thing.,its impossible to feel like another race,Transracial is not a thing,Other Stakeholder Perspective,Vague or Ambiguous Terms,Transracial is not a thing,"There is no \""opinions\"" on this matter",0.3333333333333330,0.9214127659797670
No she should definitely be able to compete within her weight class because she was born a woman. It is the very fact we can‚Äôt determine how much of an effect being born male has on athletics we can‚Äôt let them compete fairly.,assumptions,Implicit Existence,Bias and Subjectivity,she was born a woman,she was born a woman,she should definitely be able to compete within her weight class because she was born a woman,she should definitely be able to compete within her weight class because she was born a woman,Other Stakeholder Perspective,Vague or Ambiguous Terms,she was born a woman,how much of an effect being born male has on athletics,0.3333333333333330,0.9053617119789120
"Or perhaps massive deficit spending? Looking at both the budget deficit and the national debt (I am referring the US), the takeoff on the market coincides with that. So perhaps the stock market performance is due to a transfer of wealth from public to private hands.",assumptions,,Bias and Subjectivity,,due to a transfer of wealth from public to private hands.,,,Questionable Cause-Effect Relationship,Lacks Evidence,the takeoff on the market coincides with that,the stock market performance is due to a transfer of wealth from public to private hands,0.0,0.0
"Yup... there were public goods before the federal income tax was reenacted in 1913, and they were paid for with, wait for it... taxes. Just because there wasn't income tax doesn't mean there wasn't tax.",assumptions,,,,,,,Temporal Contrast,Implicit Existence,before the federal income tax was reenacted in 1913,Just because there wasn't income tax doesn't mean there wasn't tax.,0.0,0.0
"If I say ""x+1=3 therefore X=2"" and then create a new equation that has ""x"" in it, it's not true that the value of ""x"" persists to the new equation. This is what it means - essentially - to evaluate these separately - don't take the results of one thing and put it into another assumptively.",assumptions,Implicit Existence,,"it's not true that the value of ""x"" persists to the new equation",,"not true that the value of ""x"" persists to the new equation",,Implicit Existence,,don't take the results of one thing and put it into another assumptively.,,0.09090909090909090,0.8543712496757510
"Because sex isn't coal mining or painting a house. Taking a car without consent is theft. Having sex without consent is rape. Not all jobs are created equal, and not all crime is created equal. Prostitution is the only ""job"" where the line between theft and rape gets blurred.",assumptions,Implicit Existence,Bias and Subjectivity,not all crime is created equal.,"Prostitution is the only ""job"" where the line between theft and rape gets blurred.",Taking a car without consent is theft,Taking a car without consent is theft,Vague or Ambiguous Terms,Overgeneralized Statement,"Prostitution is the only \""job\"" where the line between theft and rape gets blurred",Not all jobs are created equal,0.19047619047619000,0.8850064277648930
"Normally it is my opinion that history is a good guide to predicting the future which is why I don't like the opinion that I hold in this instance. Humanity has yet to unite or to destroy itself, therefore it seems to follow that we DON'T need to unite to survive.",assumptions,Implicit Existence,Bias and Subjectivity,"Humanity has yet to unite or to destroy itself,","Humanity has yet to unite or to destroy itself,",history is a good guide to predicting the future,history is a good guide to predicting the future,Bias and Subjectivity,Overgeneralized Statement,Normally it is my opinion that history is a good guide to predicting the future,Humanity has yet to unite or to destroy itself,0.42857142857142900,0.9044400453567510
"Because deer and humans are not of the same species. If all life is not equivalent in value, then the lives of some species must be worth more or less than others.",assumptions,,Bias and Subjectivity,,the lives of some species must be worth more or less than others,,"If all life is not equivalent in value, then the lives of some species must be worth more or less than others.",Implicit Existence,Overgeneralized Statement,If all life is not equivalent in value,the lives of some species must be worth more or less than others,0.0,0.0
"This is about hypotheticals. Even if I can't prove to you we aren't all extremely intelligent AIs made to falsely believe to have consciousness, I'm working under the basis our human consciousness is real.",assumptions,Implicit Existence,Bias and Subjectivity,"AIs made to falsely believe to have consciousness, I",m working under the basis our human consciousness is real.,AIs made to falsely believe to have conciousness,human conciousness is real,Implicit Existence,Vague or Ambiguous Terms,Even if I can't prove to you we aren't all extremely intelligent AIs made to falsely believe to have consciousness,our human consciousness is real,0.30434782608695700,0.8649491667747500
"I used Catholics as an example of people who are logically against both. In response you've gone on a diatribe about how you don't think God exists and you don't think we can know Him, but that doesn't make the single logical conclusion you posted about wrong.",assumptions,,,,,,,Other Stakeholder Perspective,Vague or Ambiguous Terms,In response you've gone on a diatribe about how you don't think God exists and you don't think we can know Him,the single logical conclusion you posted about,0.0,0.0
Because phoenix rise from the ashes. Those who did not vote or voted for the lesser of evils will be forced to vote for the best once they have seen how bad a country can burn from their mistakes.,reasons_evidence,Lacks Evidence,,Those who did not vote or voted for the lesser of evils will be forced to vote for the best once they have seen how bad a country can burn from their mistakes.,,Those who did not vote or voted for the lesser of evils will be forced to vote for the best once they have seen how bad a country can burn from their mistakes.,,Temporal Contrast,Overgeneralized Statement,once they have seen how bad a country can burn from their mistakes,Those who did not vote or voted for the lesser of evils will be forced to vote for the best,0.9354838709677420,0.9543835520744320
It will either be Trump or DeSantis. Ultimately I believe Trump will back DeSantis because Ron is is gaining serious momentum and he is receiving positive praise from leaders across both aisles. My view hinges on why DeSantis is a better candidate than Trump.,reasons_evidence,Lacks Evidence,Weak Evidence,Ultimately I believe Trump will back DeSantis because Ron is is gaining serious momentum,My view,Ultimately I believe Trump will back DeSantis because Ron is is gaining serious momentum and he is receiving positive praise from leaders across both aisles.,My view,Other Stakeholder Perspective,Implicit Existence,Ultimately I believe Trump will back DeSantis,My view hinges on why DeSantis is a better candidate than Trump.,0.34782608695652200,0.9174177646636960
Trump has (before he was president) and he actually has since he has been president. people protesting now shows nothing about what Trump or Obama has done as president.,reasons_evidence,Lacks Evidence,,people protesting now shows nothing about what Trump or Obama has done as president.,,people protesting now shows nothing about what Trump or Obama has done as president.,,Vague or Ambiguous Terms,,Trump has (before he was president) and he actually has since he has been president.,,0.13636363636363600,0.8542295694351200
I believe that abortions should be legal. I believe this mostly because it‚Äôs not a human inside the mother. It‚Äôs a bundle of cells that will more than likely become a human.,reasons_evidence,Lacks Evidence,,It‚Äôs a bundle of cells that will more than likely become a human.,,It's a bundle of cells,It's a bundle of cells,Vague or Ambiguous Terms,Overgeneralized Statement,it‚Äôs not a human inside the mother,It‚Äôs a bundle of cells that will more than likely become a human,0.6470588235294120,0.9481205344200130
Third wave feminism is just too open and all-inclusive a movement and therefore so different from Second wave feminism that it's basically egalitarianism by another name. So just switch to egalitarianism and be honest about what you support.,reasons_evidence,,Weak Evidence,,Third wave feminism is just too open and all-inclusive a movement,,Third wave feminism is just too open and all-inclusive a movement,Overgeneralized Statement,Vague or Ambiguous Terms,Third wave feminism is just too open and all-inclusive a movement,egalitarianism by another name,0.0,0.0
"I am profoundly in favor of people thinking for themselves, but only because I think it will eventually lead people to conclusions similar to mine. If you think for yourself and you arrive at a false or harmful set of views, then you wasted your time and you shouldn't have thought for yourself.",reasons_evidence,Lacks Evidence,Weak Evidence,you wasted your time and you shouldn't have thought for yourself.,it will eventually lead people to conclusions similar to mine.,"If you think for yourself and you arrive at a false or harmful set of views, then you wasted your time and you shouldn't have thought for yourself.",,Other Stakeholder Perspective,Bias and Subjectivity,I think it will eventually lead people to conclusions similar to mine,you arrive at a false or harmful set of views,0.29411764705882400,0.8785416483879090
"Not sure if the link is broken or it‚Äôs because I‚Äôm on mobile but I can‚Äôt see the article you‚Äôre linking to, it‚Äôs just directing to huffington posts main page. And my stance remains the same wether it‚Äôs a white guy playing a black character or a black guy playing a white character etc.",reasons_evidence,,Weak Evidence,,"link is broken or it‚Äôs because I‚Äôm on mobile but I can‚Äôt see the article you‚Äôre linking to,",,Not sure if the link is broken or it‚Äôs because I‚Äôm on mobile,Other Stakeholder Perspective,Overgeneralized Statement,And my stance remains the same wether it‚Äôs a white guy playing a black character or a black guy playing a white character etc.,my stance remains the same,0.0,0.0
"""if you believe you know everything"" This falls in line with the Bible passages speaking to people worshipping themselves. To dismiss God, you place faith in yourself, and in your own understanding. Therefore, it takes faith, as stated in your own words, to acknowledge or dismiss God.",reasons_evidence,Lacks Evidence,Weak Evidence,This falls in line with the Bible passages speaking to people worshipping themselves.,"To dismiss God, you place faith in yourself, and in your own understanding.",This falls in line with the Bible passages speaking to people worshipping themselves.,"To dismiss God, you place faith in yourself, and in your own understanding.",Implicit Existence,Bias and Subjectivity,To dismiss God,you place faith in yourself,0.10526315789473700,0.8551632761955260
"Here in the UK schools have to wear a shirt, trousers and a blazer, it is uncomfortable of course. But it is better. But when it comes to bullying, people getting bullied because of what they wear or if they are poor is such a big thing.",reasons_evidence,Lacks Evidence,,But it is better.,,it is better,they wear or if they are poor,Bias and Subjectivity,Vague or Ambiguous Terms,it is uncomfortable of course. But it is better.,people getting bullied because of what they wear or if they are poor is such a big thing.,0.18181818181818200,0.8867130279541020
I‚Äôm the single mother and have a 12yr old son. I think about this everyday raising him. I acknowledge that my view may be ..skewed due to personal experiences.,reasons_evidence,,Weak Evidence,,due to personal experiences.,,due to personal reasons,Bias and Subjectivity,,I acknowledge that my view may be ..skewed due to personal experiences.,,0.0,0.0
"I hate it when a girl I'm dating keeps making new ""male friends"". To me,a person approaching you to hang out,because they found you attractive sounds like a date,not two friends hanging out.",reasons_evidence,Lacks Evidence,,"a person approaching you to hang out,because they found you attractive sounds like a date,not two friends hanging out.",,"To me,a person approaching you to hang out,because they found you attractive sounds like a date,not two friends hanging out.",,Other Stakeholder Perspective,Bias and Subjectivity,"I hate it when a girl I'm dating keeps making new \""male friends\",To me,0.06666666666666670,0.8435540199279790
You're with the Taliban aren't you. I dunno I just have this suspicion.,reasons_evidence,,Weak Evidence,,I dunno I just have this suspicion.,,I just have this suspicion,Bias and Subjectivity,Lacks Evidence,You're with the Taliban aren't you,I just have this suspicion.,0.0,0.0
"I say ""hypothetically"" because we have an imperfect justice system which can convict innocent people. However, in a theoretically flawless justice system which never convicts the innocent, I see nothing wrong with castrating violent rapists.",reasons_evidence,Lacks Evidence,,see nothing wrong with castrating violent rapists.,,I see nothing wrong with castrating violent rapists,,Implicit Existence,Other Stakeholder Perspective,in a theoretically flawless justice system which never convicts the innocent,I see nothing wrong with castrating violent rapists,0.42105263157894700,0.927908182144165
"Why did the hypothetical slave think white people are evil ""Hypothetical slave""? I didn't realize that slaves in America during the 1850s were hypothetical. And they thought 'all whites are evil' because every white person they met considered them to be property.",reasons_evidence,Lacks Evidence,Weak Evidence,didn't realize that slaves in America during the 1850s were hypothetical.,every white person they met considered them to be property.,I didn't realize that slaves in America during the 1850s were hypothetical.,they thought 'all whites are evil' because every white person they met considered them to be property.,Vague or Ambiguous Terms,Overgeneralized Statement,Hypothetical slave,because every white person they met considered them to be property.,0.0,0.857455313205719
"It's a disservice to yourself to claim to be something you aren't. I'm 37% Scandinavian, 32% English and the rest is a mix of Irish, Greek, and Finnish. Do I call myself a European American? Not at all... Because I'm an American citizen. I'm an American first and foremost.",reasons_evidence,,,,,,,Bias and Subjectivity,Overgeneralized Statement,I'm an American first and foremost,It's a disservice to yourself to claim to be something you aren't.,0.0,0.0
Background: -US Federal Law Code says the flag isn‚Äôt to be used for clothing. The code isn‚Äôt enforceable because of the 1st amendment. -American Legion says it‚Äôs okay to have the flag resembled on clothing. The flag is something to be honored and respected.,reasons_evidence,Lacks Evidence,Weak Evidence,US Federal Law Code says the flag isn‚Äôt to be used for clothing.,The code isn‚Äôt enforceable because of the 1st amendment.,US Federal Law Code says the flag isn‚Äôt to be used for clothing.,the 1st amendment,Other Stakeholder Perspective,Vague or Ambiguous Terms,American Legion says it‚Äôs okay,The flag is something to be honored and respected.,0.22727272727272700,0.8873669505119320
"I can't comprehend why we as a society should respect every old person just because they're old. Personally, I'm a believer that respect is earned and not given away.",reasons_evidence,Lacks Evidence,,respect is earned and not given away,,respect is earned and not given away.,,Overgeneralized Statement,Bias and Subjectivity,respect every old person just because they're old,Personally,0.07142857142857140,0.8177807331085210
"I am responsible for myself in what sense? In the sense of free will: that you can freely choose the actions you make, and that you are the proximal cause for those choices. As a result, you can be justly rewarded or punished based on those choices that you made.",reasons_evidence,,Weak Evidence,,"you can freely choose the actions you make,",,"you can freely choose the actions you make, and that you are the proximal cause for those choices",Vague or Ambiguous Terms,Implicit Existence,In the sense of free will,you are the proximal cause for those choices,0.0,0.0
"That is a silly argument. The word ""privileged"" comes from talking about people born from a privileged background, meaning rich.",reasons_evidence,Lacks Evidence,,"The word ""privileged"" comes from talking about people born from a privileged background, meaning rich.",,"The word ""privileged"" comes from talking about people born from a privileged background, meaning rich.",,Vague or Ambiguous Terms,,privileged,,0.07142857142857140,0.805479109287262
"This is largely overblown. Realistically, the support system in place to get black and Latinx people through high school and into college is way weaker than it is for white people and Asians.",reasons_evidence,Lacks Evidence,,the support system in place to get black and Latinx people through high school and into college is way weaker than it is for white people and Asians.,,"Realistically, the support system in place to get black and Latinx people through high school and into college is way weaker than it is for white people and Asians.",,Overgeneralized Statement,Lacks Evidence,Realistically,the support system in place to get black and Latinx people through high school and into college is way weaker than it is for white people and Asians,0.8846153846153850,0.9809995293617250
Because journals are capitalist endeavors that use free peer-reviewing to put out sheer content in exchange for subscriptions and ad revenue. Summaries of such content would only validate them more,reasons_evidence,,,,,,,Overgeneralized Statement,Bias and Subjectivity,Because journals are capitalist endeavors,Summaries of such content would only validate them more,0.0,0.0
"I do design for advanced weapons. I‚Äôve worked on strike aircraft and missiles, but also defense technologies. I won‚Äôt go into specifics. I always wanted to work on fighter jets growing up because of the cool factor. Now that I work in the industry and I‚Äôve matured, I‚Äôm having some moral qualms.",reasons_evidence,Lacks Evidence,Weak Evidence,I do design for advanced weapons.,"I work in the industry and I‚Äôve matured,",I do design for advanced weapons,Now that I work in the industry and I've matured,Other Stakeholder Perspective,Bias and Subjectivity,I do design for advanced weapons,I‚Äôm having some moral qualms,0.5454545454545450,0.9352105855941770
Establish a historical significance tax exemption so that Westminster Abbey isn't turned into a Walgreens. I am all for that. Lots of corporations do amazing charitable work. And we still tax them. Just because a church runs a soup kitchen doesn't mean that they shouldn't pay tax.,reasons_evidence,Lacks Evidence,,Lots of corporations do amazing charitable work.,,Establish a historical significance tax exemption so that Westminster Abbey isn't turned into a Walgreens. / Just because a church runs a soup kitchen doesn't mean that they shouldn't pay tax.,,Other Stakeholder Perspective,Overgeneralized Statement,Lots of corporations do amazing charitable work. And we still tax them.,Just because a church runs a soup kitchen doesn't mean that they shouldn't pay tax.,0.39473684210526300,0.9242174029350280
When I was referring to academic success I was referring to how students are less stifled from it unfairly by having to handwrite i.e. due to the ease of restructuring an essay on a PC vs a piece of paper.,reasons_evidence,,,,,,the ease of restructuring an essay on a PC vs a piece of paper.,Vague or Ambiguous Terms,,how students are less stifled from it unfairly by having to handwrite,,0.0,0.0
"The profit margin of this life-saving drug is beyond anything reasonable. I believe that those who set and/or support these prices are indirectly responsible for the death, pain, suffering, and emotional anguish that happens as a result.",reasons_evidence,Lacks Evidence,,"I believe that those who set and/or support these prices are indirectly responsible for the death, pain, suffering, and emotional anguish that happens as a resul",,"I believe that those who set and/or support these prices are indirectly responsible for the death, pain, suffering, and emotional anguish that happens as a result.",,Other Stakeholder Perspective,Questionable Cause-Effect Relationship,those who set and/or support these prices,are indirectly responsible for the death,0.46153846153846200,0.9339683055877690
"Here‚Äôs my logic: Billionaires like Jeff Bezos exist because people buy from and support the billion-dollar company he runs. Therefore, by buying from Amazon, you are supporting the existence of billionaires like Jeff Bezos.",reasons_evidence,Lacks Evidence,,"Therefore, by buying from Amazon, you are supporting the existence of billionaires like Jeff Bezos.",,"Therefore, by buying from Amazon, you are supporting the existence of billionaires like Jeff Bezos.",Billionaires like Jeff Bezos exist because people buy from and support the billion-dollar company he runs.,Overgeneralized Statement,Questionable Cause-Effect Relationship,Billionaires like Jeff Bezos exist because people buy from and support the billion-dollar company he runs,by buying from Amazon,0.25925925925925900,0.9005733728408810
"That's because the conditions animals are reared in and the methods by which they are slaughtered are different topics. If you want to lump them under the general topic of animal welfare, sure. But make sure you recognize that difference.",reasons_evidence,Lacks Evidence,,That's because the conditions animals are reared in and the methods by which they are slaughtered are different topics,,conditions animals are reared in and the methods by which they are slaughtered are different topics,,Vague or Ambiguous Terms,,the conditions animals are reared in and the methods by which they are slaughtered,,0.8571428571428570,0.9465172290802000
"If life begins at conception, how is contraceptive not killing a life? Because there is no life to kill. It doesn‚Äôt exist yet. After conception, a tangible quantifiable life now exists.",reasons_evidence,Lacks Evidence,Weak Evidence,Because there is no life to kill. It doesn‚Äôt exist yet.,"After conception, a tangible quantifiable life now exists.",there is no life to kill,there is no life to kill,Implicit Existence,Vague or Ambiguous Terms,If life begins at conception,a tangible quantifiable life now exists.,0.06666666666666670,0.8681602478027340
It annoys me every time when prolifers say ‚Äúabortion is murder‚Äù. Because so what if it is. Let‚Äôs say for a minute that the foetus was a fully grown person.,implication_consequences,,,,,,,Bias and Subjectivity,Vague or Ambiguous Terms,It annoys me every time,Let‚Äôs say for a minute that the foetus was a fully grown person.,0.0,0.0
It annoys me every time when prolifers say ‚Äúabortion is murder‚Äù. Because so what if it is. Let‚Äôs say for a minute that the foetus was a fully grown person.,implication_consequences,,,,,,,Other Stakeholder Perspective,Implicit Existence,when prolifers say ‚Äúabortion is murder‚Äù,Let‚Äôs say for a minute that the foetus was a fully grown person,0.0,0.0
"I know it's about 10 years too late but I've always had a problem with people saying Obama is the first black president because it's just factually untrue. Since he's 50/50 (half black, half white) that means he's the first interracial president but he's certainly not black.",implication_consequences,,,,,,,Other Stakeholder Perspective,Vague or Ambiguous Terms,people saying Obama is the first black president,he's certainly not black.,0.0,0.0
I put murder in quotations because I am kind of using it loosely here and can‚Äôt think of a better term. Just to make a few things clear I‚Äôm moderate politically and don‚Äôt support abortion not for religious reasons but because to me the very nature of abortion is ending a life.,implication_consequences,,,,,,,Vague or Ambiguous Terms,Bias and Subjectivity,I put murder in quotations because I am kind of using it loosely here and can‚Äôt think of a better term,because to me the very nature of abortion is ending a life,0.0,0.0
"From what I know, Christ was essentially a radical leftist. There are a lot of Jesus' teachings that Conservatives ignore, but Jesus was not a ""radical leftist"".",implication_consequences,,,,,,,Vague or Ambiguous Terms,Overgeneralized Statement,Christ was essentially a radical leftist,There are a lot of Jesus' teachings that Conservatives ignore,0.0,0.0
"That's not me, that's the government that's failing to do so. You're making the argument that legalizing prostitution and brothels will be licensed and inspected like any other business.",implication_consequences,,,,,,,Other Stakeholder Perspective,,You're making the argument that legalizing prostitution and brothels will be licensed and inspected like any other business.,,0.0,0.0
"No, but it is worse in the long run to put the responsibility for such changes on the victims and not on the potential culprits. Instead of saying ""rape victims should try not to get raped,"" we should be saying ""motherfuckers, STOP RAPING PEOPLE.""",implication_consequences,,,,,,,Other Stakeholder Perspective,Vague or Ambiguous Terms,put the responsibility for such changes on the victims and not on the potential culprits,motherfuckers,0.0,0.0
I‚Äôm not religious in anyway. When people ask me ‚Äúwhat‚Äôs the meaning of life?‚Äù I say whatever you want it to be.,implication_consequences,,,,,,,Vague or Ambiguous Terms,,whatever you want it to be,,0.0,0.0
I Think it should be illegal because it brain washes men to become addicted. It has even been proven to ruin men's lives check out r/NoFap. It also degrades women to nothing sexual objects same can apply to men as well. Also Masturbation encourages the sexual exploitation of women through porn.,implication_consequences,Questionable Cause-Effect Relationship,,It also degrades women to nothing sexual objects same can apply to men as well.,,It also degrades women to nothing sexual objects same can apply to men as well. Also Masturbation encourages the sexual exploitation of women through porn.,it brain washes men to become addicted.,Other Stakeholder Perspective,Vague or Ambiguous Terms,I Think it should be illegal because it brain washes men to become addicted.,It has even been proven to ruin men's lives check out r/NoFap.,0.08823529411764710,0.8548982739448550
"So I know this is a really, really sensitive subject, I‚Äôm not trying to stir up conflict, I‚Äôm just having what I believe challenged. Here is why I believe this When I was still in the womb, the doctors recommended that I be aborted because I seemed to be developing abnormally.",implication_consequences,,,,,,,Bias and Subjectivity,Lacks Evidence,Here is why I believe this,the doctors recommended that I be aborted because I seemed to be developing abnormally,0.0,0.0
Well yes because eating chocolate is a subset of life. And life has for many intents and purposes infinite variety. If life itself were infinite I can imagine that indeed people would tire of life. I still don't understand why the impermanence of enjoyment means that it's meaningless,implication_consequences,,,,,,,Overgeneralized Statement,Vague or Ambiguous Terms,eating chocolate is a subset of life,the impermanence of enjoyment means that it's meaningless,0.0,0.0
I suspect that blas√© attitude is aided by being part of the dominant culture. Native Americans couldn't do much to erase or damage mainstream American culture even if they wanted to.,implication_consequences,Questionable Cause-Effect Relationship,,being part of the dominant culture.,,being part of the dominant culture,,Other Stakeholder Perspective,Implicit Existence,Native Americans couldn't do much to erase or damage mainstream American culture even if they wanted to.,Native Americans couldn't do much to erase or damage mainstream American culture even if they wanted to.,0.045454545454545500,0.8534579277038570
"Cultural appropriation is the adoption of elements from another culture without that culture's permission. I'd argue that due to Western imperialism, Western cultures have provided ample permission.",implication_consequences,Questionable Cause-Effect Relationship,,"due to Western imperialism, Western cultures have provided ample permission.",,"due to Western imperialism, Western cultures have provided ample permission",,Other Stakeholder Perspective,Implicit Existence,Western cultures have provided ample permission,due to Western imperialism,0.8,0.9397874474525450
"White people, at their best, have no ill will towards black folks but their refusal to acknowledge or ignorance of systematic racism is not helping black people. Other minorities seem to want to be as white as possible which is sad for them because white is NOT the standard.",implication_consequences,Questionable Cause-Effect Relationship,,Other minorities seem to want to be as white as possible which is sad for them because white is NOT the standard.,,Other minorities seem to want to be as white as possible which is sad for them because white is NOT the standard.,,Other Stakeholder Perspective,Overgeneralized Statement,White people,at their best,0.045454545454545500,0.8246338367462160
"White people, at their best, have no ill will towards black folks but their refusal to acknowledge or ignorance of systematic racism is not helping black people. Other minorities seem to want to be as white as possible which is sad for them because white is NOT the standard.",implication_consequences,Questionable Cause-Effect Relationship,,systematic racism is not helping black people,,their refusal to acknowledge or ignorance of systematic racism is not helping black people,,Other Stakeholder Perspective,Vague or Ambiguous Terms,White people,at their best,0.11764705882352900,0.8466442227363590
What is an example of systemic racism against blacks today? Blacks might not get approved for loans compared to whites because they might have lower credit scores.,implication_consequences,Questionable Cause-Effect Relationship,Causality Flipped,Blacks might not get approved for loans compared to whites because they might have lower credit scores.,they might have lower credit scores.,they might have lower credit scores,,Implicit Existence,Questionable Cause-Effect Relationship,Blacks might not get approved for loans compared to whites because they might have lower credit scores,Blacks might not get approved for loans compared to whites because they might have lower credit scores,0.8823529411764710,0.9521793127059940
"This isn't some policy where every baby with a severe mental issue MUST be euthanized. This is giving the option to parents to euthanize their baby. You can't extend this to euthanizing adults, because there's no comparable circumstance where an individual has ""control"" over an adult.",implication_consequences,,,,,,,Other Stakeholder Perspective,Vague or Ambiguous Terms,This is giving the option to parents to euthanize their baby,there's no comparable circumstance where an individual has control over an adult,0.0,0.0
"Everyone thinks those who don't have children are ""selfish"" because they want to keep their free time. I believe the exact opposite: those who keep biologically reproducing when there is no evolutionary imperative to do so are the selfish ones.",implication_consequences,,,,,,,Other Stakeholder Perspective,Overgeneralized Statement,"Everyone thinks those who don't have children are \""selfish\",those who keep biologically reproducing when there is no evolutionary imperative to do so are the selfish ones,0.0,0.0
"I can't comprehend why we as a society should respect every old person just because they're old. Personally, I'm a believer that respect is earned and not given away.",implication_consequences,,,,,,,Overgeneralized Statement,Bias and Subjectivity,respect every old person just because they're old,Personally,0.0,0.0
"Price is not discriminatory. A poor person and a rich person can both go to a business, what they leave with is up to them. Also, you most definitely can choose to be a different gender/sexual orientation, etc, because that is the current court battle going on.",implication_consequences,Questionable Cause-Effect Relationship,,that is the current court battle going on,,that is the current court battle going on.,,Other Stakeholder Perspective,Vague or Ambiguous Terms,A poor person and a rich person can both go to a business,what they leave with is up to them,0.041666666666666700,0.8460880517959600
Because journals are capitalist endeavors that use free peer-reviewing to put out sheer content in exchange for subscriptions and ad revenue. Summaries of such content would only validate them more,implication_consequences,Questionable Cause-Effect Relationship,,Summaries of such content would only validate them more,,Summaries of such content would only validate them more,,Overgeneralized Statement,Bias and Subjectivity,Because journals are capitalist endeavors that use free peer-reviewing to put out sheer content in exchange for subscriptions and ad revenue,Summaries of such content would only validate them more,0.3103448275862070,0.8839382529258730
"I'd like to start with the definition of ""wet"": \ wet\- consisting of, containing, covered with, or soaked with liquid (such as water) For something to be wet, it needs to be soaked in a liquid (such as water). Since water cannot be soaked in itself, it can never attain the state of being wet.",implication_consequences,,,,,,,Vague or Ambiguous Terms,,For something to be wet,it needs to be soaked in a liquid (such as water). Since water cannot be soaked in itself,0.0,0.0
"I'd like to start with the definition of ""wet"": \ wet\- consisting of, containing, covered with, or soaked with liquid (such as water) For something to be wet, it needs to be soaked in a liquid (such as water). Since water cannot be soaked in itself, it can never attain the state of being wet.",implication_consequences,,Causality Flipped,,"Since water cannot be soaked in itself, it can never attain the state of being wet.",,"Since water cannot be soaked in itself, it can never attain the state of being wet.",Vague or Ambiguous Terms,,For something to be wet,it needs to be soaked in a liquid (such as water). Since water cannot be soaked in itself,0.0,0.0
It's an oligarchy in disguise. I don't understand how it isn't. Wealthy Americans have much more influence than everyday working Americans.,implication_consequences,,,,,,,Other Stakeholder Perspective,Overgeneralized Statement,Wealthy Americans have much more influence,everyday working Americans,0.0,0.0
"First, I do think it's morally wrong to kill and eat anything that suffers, though I do eat meat, because I am a weak coward. But killing and eating dogs is worse for the following reason: Dogs as we know them today, do not exist naturally.",implication_consequences,,,,,,"I do eat meat, because I am a weak coward",Other Stakeholder Perspective,Bias and Subjectivity,I do eat meat,because I am a weak coward,0.0,0.0
"Normally it is my opinion that history is a good guide to predicting the future which is why I don't like the opinion that I hold in this instance. Humanity has yet to unite or to destroy itself, therefore it seems to follow that we DON'T need to unite to survive.",implication_consequences,,,,,,,Bias and Subjectivity,Questionable Cause-Effect Relationship,Normally it is my opinion that history is a good guide to predicting the future,Humanity has yet to unite or to destroy itself,0.0,0.0
"There was a total of one combat related death under Clinton. So no, there weren't killed servicemembers due to military actions. Also, at the time there was a genocide and Iraq was refusing UN weapons inspectors.",implication_consequences,,,,,,,Overgeneralized Statement,Weak Evidence,So no,there weren't killed servicemembers due to military actions,0.0,0.0
Substantial caveat: I'm in no way discussing privacy from the state. Because it has the rather unique ability to use force legitimately the state is something of a special case. It honestly seems fundamentally bad for anyone's to have privacy.,implication_consequences,Questionable Cause-Effect Relationship,,the state. Because it has the rather unique ability to use force legitimately the state is something of a special case.,,it has the rather unique ability to use force legitimately,,Other Stakeholder Perspective,Vague or Ambiguous Terms,I'm in no way discussing privacy from the state,fundamentally bad for anyone's to have privacy,0.0967741935483871,0.8285583257675170