A1_impli_F,A2_impli_F,A3_impli_F,A1_impli_G,A2_impli_G,A3_impli_G
,,,,,
,,,,,
,,,,,
,,,,,
,,,,,
,,,,,
,,,,,
,,,,,
It also degrades women to nothing sexual objects same can apply to men as well. ,it brain washes men to become addicted, It also degrades women to nothing sexual objects same can apply to men as well. Also Masturbation encourages the sexual exploitation of women through porn.,,,it brain washes men to become addicted. 
,,,, ,
,,,,,
 being part of the dominant culture.,being part of the dominant culture,,,,
" due to Western imperialism, Western cultures have provided ample permission.","due to Western imperialism, Western cultures have provided ample permission","I'd argue that due to Western imperialism, Western cultures have provided ample permission.",,,
Other minorities seem to want to be as white as possible which is sad for them because white is NOT the standard.,their refusal to acknowledge or ignorance of systematic racism is not helping black people,Other minorities seem to want to be as white as possible which is sad for them because white is NOT the standard.,,,
systematic racism is not helping black people,their refusal to acknowledge or ignorance of systematic racism is not helping black people,,,,
 Blacks might not get approved for loans compared to whites because they might have lower credit scores.,they might have lower credit scores,,they might have lower credit scores.,,
,This is giving the option to parents to euthanize their baby,,,,
,,,,,
society should respect every old person just because they're old.,,,,,
that is the current court battle going on,that is the current court battle going on.,,,,
Summaries of such content would only validate them more,,Summaries of such content would only validate them more,,,
,,,,,
,,,"Since water cannot be soaked in itself, it can never attain the state of being wet.","Since water cannot be soaked in itself, it can never attain the state of being wet.",
,,,,,
,,,,"I do eat meat, because I am a weak coward",
,"Humanity has yet to unite or to destroy itself, therefore it seems to follow that we DON'T need to unite to survive.",,,,
,,,,,
the state. Because it has the rather unique ability to use force legitimately the state is something of a special case. ,it has the rather unique ability to use force legitimately,,,,