,,Others Stakeholder Perspective,Temporal Contrast,Vague or Ambiguous Terms for General Public?,Overgeneralizing statement ,Implicit Existence,Bias and Subjectivity,"Questionable Cause-Effect Relationship? (Consequence farfetched?, etc)",Causality Flipped?,Lacks Evidence?,"Quality of Evidence Provided
The provided evidence is weak.",complete
,,What would other stakeholders with an opposing stance say about ___________?,What might happen if _________ changes in time?,"Do you think the general public would understand what you mean by _________?

","
Why do you think ________________ is true in all situations?",Are you implicitly assuming that ___________ is always the case?,"Are you assuming __________ because of personal experience or preference?
Opinion","What makes you think ____________ is the main cause, rather than just a coincidence?","Could it be that _____ is actually the result, not the cause?","Could you point to any data or examples that back up __________?
[Component: claim]",What other kinds of evidence might be stronger than _____?,
,,"America has the best educational system, including MIT.",Electric cars are environmentally friendly,2nd wave feminist,"""1. no woman will love me for me
2. I am not considered unique and therefore considered boring.""","Most people agree that stricter gun laws make society safer.
Presupposition: That “most people” share a uniform view on safety and gun control.",I knew democracy are corrupted; I think communist is better.,"switzerland consumes chocolate. hence, most nobel prize winners",I studied because I passed the exam,Smoking is bad!,Smoking is bad. It smells!,
source_article,," Find something that Others Stakeholder might disagree by different viewpoint like occupation or other demographic background.
","Look for something the author expresses an opinion about—specifically, something that could change over time (e.g., “Electric cars are bad because in the future, batteries might harm the environment”). If no such opinion is given, identify a concept that could potentially change over time (e.g., the weak Japanese yen).
","Find a phrase that might be difficult for the general public to understand, or that is subjective or requires more context to interpret."," Find a phrase where a small sample is used to make an overly broad conclusion, or where there is an explicit generalization.","Find a phrase where the author assumes something to always be true or makes an implicit claim that is not explicitly stated but could be interpreted.
","Find a statement that appears biased due to personal opinion or preference, or one that could be interpreted subjectively.",Find a phrase in which the author believes a mere coincidence is the actual cause for an effect.,Find a phrase in which the cause is actually the effect.,"Find a claim that is made without any supporting evidence.
","Find a claim that is supported by weak evidence—for example, if the evidence is unrelated or irrelevant. Such claims should be considered weak arguments.
",
The science and data strongly support that our planet ’ s ecosystems are thriving and that humanity is benefiting from modestly increasing temperature and an increase in carbon dioxide .,faulty generalization,our planet ’ s ecosystems are thriving,our planet ’ s ecosystems are thriving ,The science and data, our planet ’ s ecosystems are thriving and that humanity is benefiting from modestly increasing temperature and an increase in carbon dioxide ., our planet ’ s ecosystems are thriving and that humanity is benefiting from modestly increasing temperature and an increase in carbon dioxide ., our planet ’ s ecosystems are thriving and that humanity is benefiting from modestly increasing temperature and an increase in carbon dioxide .,,,,The scienc and data strongly support,
An expedition designed to gather evidence of global warming and “ climate change ” in the Arctic was canceled last month after a humiliating discovery was made :,intentional,humiliating discovery was made,,humiliating discovery,,,,humiliating discovery was made :,,An expedition designed to gather evidence of global warming and “ climate change ” in the Arctic was canceled last month after a humiliating discovery was made :,,
"As the problem worsens , experts are warning that national security is on the line . Naval bases , in particular , are threatened ; they can hardly be moved away from the ocean , yet much of their land is at risk of disappearing within this century .",fallacy of relevance,national security is on the line,"Naval bases , in particular , are threatened",the problem,,national security is on the line ,much of their land is at risk of disappearing within this century .,,,,experts,
"This summer , for instance , a heat wave in Europe penetrated the Arctic , pushing temperatures into the 80s across much of the Far North and , according to the Belgian climate scientist Xavier Fettweis , melting some 40 billion tons of Greenland ’ s ice sheet .",intentional,"a heat wave in Europe penetrated the Arctic , pushing temperatures into the 80s across much of the Far North and , according to the Belgian climate scientist Xavier Fettweis , melting some 40 billion tons of Greenland ’ s ice sheet .",,This summer,, heat wave in Europe penetrated the Arctic,,a heat wave in Europe penetrated the Arctic,,,,
"Despite hundreds of billions of dollars of expenditure during the past few decades , it still has not been shown that human emissions of carbon dioxide drive ­global warming .",intentional,it still has not been shown that human emissions of carbon dioxide drive ­global warming, it still has not been shown that human emissions of carbon dioxide drive ­global warming .,expenditure, it still has not been shown that human emissions of carbon dioxide drive ­global warming ., it still has not been shown that human emissions of carbon dioxide drive ­global warming .,it still has not been shown that human emissions of carbon dioxide drive ­global warming ., it still has not been shown that human emissions of carbon dioxide drive ­global warming .,,"Despite hundreds of billions of dollars of expenditure during the past few decades , it still has not been shown that human emissions of carbon dioxide drive ­global warming .",,
"No matter what humans do , temperature trends go up , and then down ; glaciers expand and then recede ; sea levels rise and then fall , explains Will Happer , professor emeritus of physics at Princeton .",intentional,"No matter what humans do , temperature trends go up , and then down","No matter what humans do , temperature trends go up , and then down",what humans do,No matter what humans do ,"No matter what humans do , temperature trends go up ","No matter what humans do , temperature trends go up ",,,,"Will Happer , professor emeritus of physics at Princeton .",
A harrowing scenario analysis of how human civilization might collapse in coming decades due to climate change has been endorsed by a former Australian defense chief and senior royal navy commander .,faulty generalization,A harrowing scenario analysis of how human civilization might collapse,climate change,A harrowing scenario,human civilization might collapse in coming decades due to climate change has been endorsed by a former Australian defense chief and senior royal navy commander .,,, due to climate change has been endorsed by a former Australian defense chief and senior royal navy commander .,,,endorsed by a former Australian defense chief and senior royal navy commander,
"Also , it is increasingly clear that the planet was significantly warmer than today several times during the past 10,000 years .",intentional,,,,,"Also , it is increasingly clear that the planet was significantly warmer than today several times during the past 10,000 years .",,,,"Also , it is increasingly clear that the planet was significantly warmer than today several times during the past 10,000 years .",,
"The IPCC acknowledged in its own 2007 report that
“ The long-term prediction of future climate states is not possible . ”",intentional,The long-term prediction of future climate states is not possible , a substantial portion of the American public remains unaware or unconvinced it is happening .,IPCC,The long-term prediction of future climate states is not possible , The long-term prediction of future climate states is not possible .,,,,,,
"And even today , 17 years later , a substantial portion of the American public remains unaware or unconvinced it is happening .",fallacy of extension, a substantial portion of the American public remains unaware or unconvinced it is happening .,American public remains unaware ,it,,a substantial portion of the American public remains unaware or unconvinced it is happening,American public remains unaware or unconvinced it is happening,,,"And even today , 17 years later , a substantial portion of the American public remains unaware or unconvinced it is happening .",,
The question is whether any climate scientists or environmentalists — who are entirely wedded to the idea that industrialization is destroying the planet — would ever admit this .,fallacy of extension, climate scientists or environmentalists — who are entirely wedded to the idea that industrialization is destroying the planet — would ever admit this ., climate scientists or environmentalists — who are entirely wedded to the idea that industrialization is destroying the planet — would ever admit this .,this, climate scientists or environmentalists — who are entirely wedded to the idea that industrialization is destroying the planet — would ever admit this .,climate scientists or environmentalists — who are entirely wedded to the idea that industrialization is destroying the planet — would ever admit this ., climate scientists or environmentalists — who are entirely wedded to the idea that industrialization is destroying the planet — would ever admit this .,,,,This is whether any climate scientists or environmentalists,
"Meanwhile , over the last decade , scientists outside of climate physics have jumped on the
bandwagon , publishing papers blaming global warming for everything from acne to the Syrian
civil war .",intentional," blaming global warming for everything from acne to the Syrian
civil war .",blaming global warming ,bandwagon,"blaming global warming for everything from acne to the Syrian
civil war"," blaming global warming for everything from acne to the Syrian
civil war .","blaming global warming for everything from acne to the Syrian
civil war .",,,"Meanwhile , over the last decade , scientists outside of climate physics have jumped on the
bandwagon , publishing papers blaming global warming for everything from acne to the Syrian
civil war .",scientist outside of the climate physics have jumoed on the bandwagon,
Climate projections also assume that planet Earth is not dynamic and that a temporary terrestrial vertebrate on an evolving planet can change major planetary and extraterrestrial systems .,intentional,Climate projections also assume that planet Earth is not dynamic, Earth is not dynamic,temporary terrestrial vertebrate,,Climate projections also assume that planet Earth is not dynamic and that a temporary terrestrial vertebrate on an evolving planet can change major planetary and extraterrestrial systems .,Climate projections also assume that planet Earth is not dynamic,,,Climate projections also assume that planet Earth is not dynamic and that a temporary terrestrial vertebrate on an evolving planet can change major planetary and extraterrestrial systems .,,
"Since all the data that Mr. Koonin uses are available to others , he poses the obvious question : “ Why haven ’ t you heard these facts before ? ”",intentional,,all the data that Mr. Koonin uses are available to others ,,,,,,,,,
The research also finds that enormous changes to farming are needed to avoid destroying the planet ’ s ability to feed the 10 billion people expected to be on the planet in a few decades .,intentional,enormous changes to farming are needed to avoid destroying the planet ’ s ability to feed the 10 billion people expected to be on the planet in a few decades .,enormous changes to farming,The research,farming are needed to avoid destroying the planet ’ s ability to feed the 10 billion people expected to be on the planet in a few decade, enormous changes to farming are needed to avoid destroying the planet ’ s ability to feed the 10 billion people expected to be on the planet in a few decades .,enormous changes to farming are needed to avoid destroying the planet ’ s ability to feed the 10 billion people expected to be on the planet in a few decades .,,,,The research,
Said Hayhoe : “ The biggest myth that the largest number of people have bought into is that ‘ climate change doesn ’ t matter to me personally. ’ ”,intentional,The biggest myth that the largest number of people have bought into is that ‘ climate change doesn ’ t matter to me personally.,The biggest myth that the largest number of people have bought into is that ‘ climate change doesn ’ t matter to me personally.,Hayhoe,the biggest myth that the largest number of people have bought into is that ‘ climate change doesn ’ t matter to me personally. ’ ”,“ The biggest myth that the largest number of people have bought into is that ‘ climate change doesn ’ t matter to me personally. ’ ”, climate change doesn ’ t matter to me personally. ’ ”,,,,Said Hayhoe,
"Global warming activists do not extend “ the record ” back any further , they say , because it has only been since the late 1800s that we have had a global network of mercury thermometers .",faulty generalization,"Global warming activists do not extend “ the record ” back any further , they say",Global warming activists do not extend “ the record ” back any further ,the record,Global warming activists do not extend “ the record ” back any further,Global warming activists do not extend “ the record ” back any further ,The biggest myth that the largest number of people have bought into is that ‘ climate change doesn ’ t matter to me personally. ’,,,"Global warming activists do not extend “ the record ” back any further , they say , because it has only been since the late 1800s that we have had a global network of mercury thermometers .",they say ,
"Worst-case global heating scenarios may need to be revised upwards in light of a better understanding of the role of clouds , scientists have said .",fallacy of credibility,"Worst-case global heating scenarios may need to be revised upwards in light of a better understanding of the role of clouds ,",,scientists,Worst-case global heating scenarios may need to be revised upwards in light of a better understanding of the role of cloud,,Worst-case global heating scenarios may need to be revised upwards in light of a better understanding of the role of cloud,,,,scientists have said .,
"While reading how flawed EDF ’ s assertions are , remember these are the very best arguments global warming alarmists can make .",ad hominem, remember these are the very best arguments global warming alarmists can make .,how flawed EDF ’ s assertions,flawed EDF's assertions,these are the very best arguments global warming alarmists can make,these are the very best arguments global warming alarmists can make,these are the very best arguments global warming alarmists can make,,,,reading,
"This debate — as I argue at some length in Watermelons — was always about left-wing ideology , quasi-religious hysteria , and “ follow the money ” corruption , never about “ science . ”",fallacy of extension,"This debate — as I argue at some length in Watermelons — was always about left-wing ideology ,",,quasi-religious hysteria,these are the very best arguments global warming alarmists can make,"was always about left-wing ideology , quasi-religious hysteria , and “ follow the money ” corruption , never about “ science . ”","was always about left-wing ideology , quasi-religious hysteria , and “ follow the money ” corruption , never about “ science . ”",,,,I argue at some length in Watermelons ,
My close examination of recent research has revealed that serious inconsistencies exist within the polar bear literature and between that literature and public statements made by some researchers .,fallacy of relevance,My close examination of recent research has revealed that serious inconsistencies exist within the polar bear,serious inconsistencies exist within the polar bear literature and between that literature and public statements made by some researchers .,recent research, serious inconsistencies exist within the polar bear literature and between that literature and public statements made by some researchers .,serious inconsistencies exist within the polar bear literature and between that literature and public statements made by some researchers,serious inconsistencies exist within the polar bear literature and between that literature and public statements made by some researchers,,,,My close examination of recent research ,
"Once again , the data does not support the claim that the United States is hotter than ever as a result of rising Carbon dioxide levels .",fallacy of relevance,the data does not support the claim that the United States is hotter than ever as a result of rising Carbon dioxide levels .,,the data,,,the data does not support the claim that the United States is hotter than ever as a result of rising Carbon dioxide levels .,,,the data does not support the claim that the United States is hotter than ever as a result of rising Carbon dioxide levels .,,
We are not living in a period of catastrophic climate change . The past tells us it ’ s business as usual .,fallacy of credibility,We are not living in a period of catastrophic climate change ,We are not living in a period of catastrophic climate change,catastrophic climate change,We are not living in a period of catastrophic climate change,We are not living in a period of catastrophic climate change . ,We are not living in a period of catastrophic climate change . ,,,,The past tells us it ’ s business as usual .,
"You don ’ t worry much about dengue or malaria if you are living in Maine or France . But as the tropics creep northward and mosquitoes migrate with them , you will .",appeal to emotion, dengue or malaria if you are living in Maine or France . ,,dengue or malaria,"You don ’ t worry much about dengue or malaria if you are living in Maine or France . But as the tropics creep northward and mosquitoes migrate with them , you will .",You don ’ t worry much about dengue or malaria if you are living in Maine or France,You don ’ t worry much about dengue or malaria if you are living in Maine or France,,,"You don ’ t worry much about dengue or malaria if you are living in Maine or France . But as the tropics creep northward and mosquitoes migrate with them , you will .",,
"Already , more than 10,000 people die each day from the small particles emitted from fossil-fuel burning ; each year , 339,000 people die from wildfire smoke , in part because climate change has extended forest-fire season ( in the U.S. , it ’ s increased by 78 days since 1970 ) .",false causality,,,emitted,,in part because climate change has extended forest-fire season,in part because climate change has extended forest-fire season,in part because climate change has extended forest-fire season,,"Already , more than 10,000 people die each day from the small particles emitted from fossil-fuel burning ; each year , 339,000 people die from wildfire smoke , in part because climate change has extended forest-fire season ( in the U.S. , it ’ s increased by 78 days since 1970 ) .",,
"For his efforts , Pielke was subjected to a vicious , well-funded smear campaign backed by , among others , the Obama White House and leading Democratic congressmen , culminating in his decision in 2015 to quit the field .",appeal to emotion," Pielke was subjected to a vicious , well-funded smear campaign",,leading Democratic congressmen,,,,,,"For his efforts , Pielke was subjected to a vicious , well-funded smear campaign backed by , among others , the Obama White House and leading Democratic congressmen , culminating in his decision in 2015 to quit the field .",,
"“ The predictions of what ’ s going to happen over the next 20 , 30 , 40 years — it ’ s real , ” said Mr. Tuckman , the founder of a company offering creative services to the retail industry .",fallacy of credibility,"“ The predictions of what ’ s going to happen over the next 20 , 30 , 40 years — it ’ s real , ” said Mr. Tuckman",extreme weather events – and their resulting costs – are dramatically declining as the Earth modestly warms ,"what ’ s going to happen over the next 20 , 30 , 40 years","The predictions of what ’ s going to happen over the next 20 , 30 , 40 years — it ’ s real","The predictions of what ’ s going to happen over the next 20 , 30 , 40 years","The predictions of what ’ s going to happen over the next 20 , 30 , 40 years",,,,"Mr. Tuckman , the founder of a company offering creative services to the retail industry .",
"Severe storms , floods and agricultural losses may cost a great deal of money , but such extreme weather events – and their resulting costs – are dramatically declining as the Earth modestly warms . Accordingly , EDF ’ s asserted economic costs are actually economic benefits .",intentional,EDF ’ s asserted economic costs are actually economic benefits .,,EDF ’ s,,such extreme weather events – and their resulting costs – are dramatically declining ,such extreme weather events – and their resulting costs – are dramatically declining ,,,,as the Earth modestly warms,
"In return for crippling our economy , the Paris Agreement would do next to nothing to impact global temperatures .",faulty generalization, the Paris Agreement would do next to nothing to impact global temperatures .,,Paris Agreement,the Paris Agreement would do next to nothing to impact global temperatures .,the Paris Agreement would do next to nothing to impact global temperatures .,the Paris Agreement would do next to nothing to impact global temperatures .,,,,,
"This increase may not be statistically significant , but it is decidedly not the 67-per-cent decline that was predicted given the ice conditions that prevailed .",fallacy of relevance,,,This increase,,,,,,This increase may not be statistically significant ,,
"Unfortunately , because of back to back mass bleaching events , scientists are telling us that the massive , impressive Australian Great Barrier Reef is now at a ‘ terminal stage ’ —with large portions having no hope of recovery .",appeal to emotion,because of back to back mass bleaching events ,no hope of recovery .,terminal stage,, large portions having no hope of recovery ., large portions having no hope of recovery .,back to back mass bleaching,,,back to back mass bleaching events,
"The warmer the planet gets , the more ozone forms , and by mid-century , Americans will likely suffer a 70 percent increase in unhealthy ozone smog , the National Center for Atmospheric Research has projected .",fallacy of credibility,,,National Center for Atmospheric Reseaech,"Americans will likely suffer a 70 percent increase in unhealthy ozone smog ,","n unhealthy ozone smog , the National Center for Atmospheric Research has projected .","n unhealthy ozone smog , the National Center for Atmospheric Research has projected .",The warmer the planet gets,,,,
"These zealots would like you to believe that due to fossil fuel emissions , summers are now longer and hotter while winters are shorter and milder .",ad hominem,"These zealots would like you to believe that due to fossil fuel emissions , summers are now longer and hotter while winters are shorter and milder .","These zealots would like you to believe that due to fossil fuel emissions , summers are now longer and hotter while winters are shorter and milder .",zealots,"These zealots would like you to believe that due to fossil fuel emissions , summers are now longer and hotter while winters are shorter and milder .",,,,,"These zealots would like you to believe that due to fossil fuel emissions , summers are now longer and hotter while winters are shorter and milder .",,
"In the meantime , the agreement would force American taxpayers to subsidize alternative energy at the expense of clean coal , nuclear power and natural gas – energy resources that actually work for our economy and our environment .",fallacy of extension," American taxpayers to subsidize alternative energy at the expense of clean coal , nuclear power and natural gas ","clean coal , nuclear power and natural gas – energy resources that actually work for our economy and our environment .",the agreement,"American taxpayers to subsidize alternative energy at the expense of clean coal , nuclear power and natural gas – energy resources that actually work for our economy and our environment .",energy resources that actually work for our economy and our environment .,energy resources that actually work for our economy and our environment .,the agreement,,"In the meantime , the agreement would force American taxpayers to subsidize alternative energy at the expense of clean coal , nuclear power and natural gas – energy resources that actually work for our economy and our environment .",,
"“ When we distract our military with a radical climate change agenda , we detract from their main purpose of defending America from enemies ” like the Islamic State , said Mr. Buck of Colorado , the Republican congressman who sponsored the measure .",fallacy of relevance,"When we distract our military with a radical climate change agenda , we detract from their main purpose of defending America from enemies",,the measure,we detract from their main purpose of defending America from enemies ,"“ When we distract our military with a radical climate change agenda , we detract from their main purpose of defending America from enemies","“ When we distract our military with a radical climate change agenda , we detract from their main purpose of defending America from enemies",distract our military with a radical climate change agenda,,,"Mr. Buck of Colorado , the Republican congressman who sponsored the measure",
"While reading how flawed EDF ’ s assertions are , remember these are the very best arguments global warming alarmists can make .",intentional,how flawed EDF ’ s assertions are,,EDF,remember these are the very best arguments global warming alarmists can make .,,,,,"While reading how flawed EDF ’ s assertions are , remember these are the very best arguments global warming alarmists can make .",,
Anew study produced by a University of Wisconsin-Madison geoscientist and Northwestern astrophysicist presents an explanation of the fluctuations of the earth 's temperatures that global warming alarmists are going to make sure to bury :,fallacy of credibility,global warming alarmists are going to make sure to bury,,Anew study ,temperatures that global warming alarmists are going to make sure to bury :,alarmists are going to make sure to bury :,alarmists are going to make sure to bury :,,,global warming alarmists are going to make sure to bury,,
"A rapid disintegration of Antarctica might , in the worst case , cause the sea to rise so fast that tens of millions of coastal refugees would have to flee inland , potentially straining societies to the breaking point .",ad populum,, potentially straining societies to the breaking point .,disintegration,"A rapid disintegration of Antarctica might , in the worst case , cause the sea to rise so fast that tens of millions of coastal refugees would have to flee inland","A rapid disintegration of Antarctica might , in the worst case , cause the sea to rise so fast that tens of millions of coastal refugees would have to flee inland",,,,"A rapid disintegration of Antarctica might , in the worst case , cause the sea to rise so fast that tens of millions of coastal refugees would have to flee inland , potentially straining societies to the breaking point .",,
"“ We ’ re putting enough heat in the ocean to send water over us , no question , ” Dr. Stoddard said . “ Ultimately , we give up and we leave .",appeal to emotion,"“ We ’ re putting enough heat in the ocean to send water over us ,",“ We ’ re putting enough heat in the ocean to send water over us ,send water over us,"“ We ’ re putting enough heat in the ocean to send water over us , n","“ We ’ re putting enough heat in the ocean to send water over us , n",,putting enough heat in the ocean,,,Dr. Stoddard,
"We may be able to raise the Thames barrier in Britain but in Bangladesh , it just means more and more people will be drowned .",appeal to emotion, it just means more and more people will be drowned .,,more and more people will be drowned .,it just means more and more people will be drowned .,,,raise the Thames barrier in Britain,,"We may be able to raise the Thames barrier in Britain but in Bangladesh , it just means more and more people will be drowned .",,
"Americans receive a daily barrage from the fake news media and climate “ experts ” reporting that each and every day , week , month or year is the hottest on record due to global warming .",fallacy of extension,"Americans receive a daily barrage from the fake news media and climate “ experts ” reporting that each and every day , week , month or year",Americans receive a daily barrage from the fake news media ,,Americans receive a daily barrage from the fake news media,Americans receive a daily barrage from the fake news media and climate ,Americans receive a daily barrage from the fake news media and climate ,,,Americans receive a daily barrage from the fake news media,,
"Instead of negotiating over climate change policies and trying to make them more market-oriented , some political conservatives have taken the approach of blocking them by trying to undermine the science .",circular reasoning,some political conservatives have taken the approach of blocking them by trying to undermine the science,some political conservatives,,,,,,,some political conservatives have taken the approach of blocking them by trying to undermine the science,,
"Even in our own lifetimes , there is no relationship between temperature and carbon dioxide emissions by ­humans , yet there is a very close relationship between solar activity and temperature .",intentional,"Even in our own lifetimes , there is no relationship between temperature and carbon dioxide emissions by ­humans ,", there is no relationship between temperature and carbon dioxide emissions by ­humans,,, there is no relationship between temperature and carbon dioxide emissions by ­humans, there is no relationship between temperature and carbon dioxide emissions by ­humans,,,"Even in our own lifetimes , there is no relationship between temperature and carbon dioxide emissions by ­humans , yet there is a very close relationship between solar activity and temperature .",,
"It has now , even after Hurricane Matthew , been over 4,000 days since a major hurricane ( Category 3 or stronger ) has made landfall in the U.S . Sea level rise , which was occurring long before humans could be blamed , has not accelerated and still amounts to only 1 inch every ten years .",ad populum," Sea level rise , which was occurring long before humans could be blamed ,",,Hurricane Matthew," Sea level rise , which was occurring long before humans could be blamed "," Sea level rise , which was occurring long before humans could be blamed ",,,,,,
"That is , the adjusted data used by alarmist organizations like NASA , NOAA , and the UK Met Office differs so markedly from the original raw data that it can not be trusted .",ad hominem,it can not be trusted .,it cannot be trusted,the adjusted data used by alarmist organizations," the adjusted data used by alarmist organizations like NASA , NOAA , and the UK Met Office differs so markedly from the original raw data that it can not be trusted .", the original raw data that it can not be trusted ., the original raw data that it can not be trusted .,,,"That is , the adjusted data used by alarmist organizations like NASA , NOAA , and the UK Met Office differs so markedly from the original raw data that it can not be trusted .","the adjusted data used by alarmist organizations like NASA , NOAA , and the UK Met Office differs so markedly from the original raw data",
"For the past 500 million years , the atmospheric carbon dioxide content has been decreasing and if we halved today ’ s atmospheric carbon dioxide content , all life would die .",false dilemma,", all life would die .",,,all life would die .,all life would die .,all life would die .,halved today ’ s atmospheric carbon dioxide content,,"For the past 500 million years , the atmospheric carbon dioxide content has been decreasing and if we halved today ’ s atmospheric carbon dioxide content , all life would die .",,
"In other words , record-breaking temperatures this year are specifically from El Niño , but the general increase in global temperatures is part of the trend due to climate change .",fallacy of logic,the general increase in global temperatures is part of the trend due to climate change .,the general increase in global temperatures is part of the trend due to climate change .,this year,,but the general increase in global temperatures is part of the trend due to climate change .,,,,"In other words , record-breaking temperatures this year are specifically from El Niño , but the general increase in global temperatures is part of the trend due to climate change .",,
"For the past 4567 million years , the sun and the Earth ’ s orbit have driven climate change cycles .",intentional,"For the past 4567 million years , the sun and the Earth ’ s orbit have driven climate change cycles .",,climate change,,,,,,"For the past 4567 million years , the sun and the Earth ’ s orbit have driven climate change cycles .",,
He said : “ Cooling from 2019 into about 2020 to 2021 will bring world temperatures back to where they were in the 1940s through the 1960s .,intentional, 2019 into about 2020 to 2021 will bring world temperatures back to where they were in the 1940s ,Cooling from 2019 into about 2020 to 2021 will bring world temperatures back to where they were in the 1940s through the 1960s,He said,Cooling from 2019 into about 2020 to 2021 will bring world temperatures back to where they were in the 1940s through the 1960s .,Cooling from 2019 into about 2020 to 2021 will bring world temperatures back to where they were in the 1940s through the 1960s .,Cooling from 2019 into about 2020 to 2021 will bring world temperatures back to where they were in the 1940s through the 1960s .,Cooling from 2019 into about 2020 to 2021,,He said : “ Cooling from 2019 into about 2020 to 2021 will bring world temperatures back to where they were in the 1940s through the 1960s .,,
"And the great middle can be excused for realizing that obsessing about climate change is avoiding a frank discussion about the here-and-now problems of budget deficits , the federal debt , school choice , entitlement reform , and so on .",fallacy of logic,great middle can be excused for realizing that obsessing about climate change is avoiding a frank discussion,great middle can be excused for realizing that obsessing about climate change is avoiding a frank discussion,the great middle,, great middle can be excused for realizing that obsessing about climate change is avoiding a frank discussion,,"realizing that obsessing about climate change is avoiding a frank discussion about the here-and-now problems of budget deficits , the federal debt , school choice , entitlement reform , and so on .",,,"realizing that obsessing about climate change is avoiding a frank discussion about the here-and-now problems of budget deficits , the federal debt , school choice , entitlement reform , and so on .",